https://zakupki.gov.ru/223/contract/public/contract/view/general-information.html?style44=false&id=11742676;153/21-ЗК-ЕП;30.04.2021 (МСК+5);поставка кислорода жидкого медицинского;ОБЛАСТНОЕ ГОСУДАРСТВЕННОЕ АВТОНОМНОЕ УЧРЕЖДЕНИЕ ЗДРАВООХРАНЕНИЯ "МЕДСАНЧАСТЬ ИАПО";
https://zakupki.gov.ru/223/contract/public/contract/view/general-information.html?style44=false&id=11757123;329/Х;06.07.2021 (МСК+5);Поставка кислорода жидкого медицинского (в криоцилиндре) для оказания медицинской помощи в скорой, неотложной форме пациентам инфекционного госпиталя;ОБЛАСТНОЕ ГОСУДАРСТВЕННОЕ АВТОНОМНОЕ УЧРЕЖДЕНИЕ ЗДРАВООХРАНЕНИЯ "АНГАРСКАЯ ГОРОДСКАЯ БОЛЬНИЦА № 1";
https://zakupki.gov.ru/223/contract/public/contract/view/general-information.html?style44=false&id=11755902;190/21;11.06.2021 (МСК+5);поставка кислорода жидкого медицинского;ОБЛАСТНОЕ ГОСУДАРСТВЕННОЕ АВТОНОМНОЕ УЧРЕЖДЕНИЕ ЗДРАВООХРАНЕНИЯ "МЕДСАНЧАСТЬ ИАПО";
https://zakupki.gov.ru/223/contract/public/contract/view/general-information.html?style44=false&id=11751799;082/М-21;14.07.2021 (МСК+5);поставка кислорода жидкого медицинского;ОБЛАСТНОЕ ГОСУДАРСТВЕННОЕ АВТОНОМНОЕ УЧРЕЖДЕНИЕ ЗДРАВООХРАНЕНИЯ "МЕДСАНЧАСТЬ ИАПО";
https://zakupki.gov.ru/223/contract/public/contract/view/general-information.html?style44=false&id=11750180;124/21-К;14.07.2021 (МСК+5);Поставка кислорода технического в баллонах;ОБЩЕСТВО С ОГРАНИЧЕННОЙ ОТВЕТСТВЕННОСТЬЮ "АКВАСЕРВИС";
https://zakupki.gov.ru/223/contract/public/contract/view/general-information.html?style44=false&id=11647941;399185;10.06.2021 (МСК+5);Поставка кислорода жидкого медицинского;ОБЛАСТНОЕ ГОСУДАРСТВЕННОЕ АВТОНОМНОЕ УЧРЕЖДЕНИЕ ЗДРАВООХРАНЕНИЯ "БРАТСКАЯ ГОРОДСКАЯ БОЛЬНИЦА № 5";
https://zakupki.gov.ru/223/contract/public/contract/view/general-information.html?style44=false&id=11749008;135;12.07.2021 (МСК+5);поставка концентратора кислородного;ОБЛАСТНОЕ ГОСУДАРСТВЕННОЕ АВТОНОМНОЕ УЧРЕЖДЕНИЕ ЗДРАВООХРАНЕНИЯ "МЕДСАНЧАСТЬ ИАПО";
https://zakupki.gov.ru/223/contract/public/contract/view/general-information.html?style44=false&id=11607140;278/Х;01.06.2021 (МСК+5);Поставка кислорода жидкого медицинского (в криоцилиндре) для оказания медицинской помощи в скорой, неотложной форме пациентам инфекционного госпиталя;ОБЛАСТНОЕ ГОСУДАРСТВЕННОЕ АВТОНОМНОЕ УЧРЕЖДЕНИЕ ЗДРАВООХРАНЕНИЯ "АНГАРСКАЯ ГОРОДСКАЯ БОЛЬНИЦА № 1";
https://zakupki.gov.ru/223/contract/public/contract/view/general-information.html?style44=false&id=11736416;51/2021-ГКМ;09.07.2021 (МСК+5);поставка кислорода газообразного медицинского;ОБЛАСТНОЕ ГОСУДАРСТВЕННОЕ АВТОНОМНОЕ УЧРЕЖДЕНИЕ ЗДРАВООХРАНЕНИЯ "МЕДСАНЧАСТЬ ИАПО";
https://zakupki.gov.ru/223/contract/public/contract/view/general-information.html?style44=false&id=11733362;41-у;12.07.2021 (МСК+5);Монтаж кислородных клапанов;ОБЛАСТНОЕ ГОСУДАРСТВЕННОЕ АВТОНОМНОЕ УЧРЕЖДЕНИЕ ЗДРАВООХРАНЕНИЯ "БРАТСКАЯ ГОРОДСКАЯ БОЛЬНИЦА № 5";
https://zakupki.gov.ru/223/contract/public/contract/view/general-information.html?style44=false&id=11708638;126;08.07.2021 (МСК+5);Поставка регуляторов давления кислорода Medimeter;ОБЛАСТНОЕ ГОСУДАРСТВЕННОЕ АВТОНОМНОЕ УЧРЕЖДЕНИЕ ЗДРАВООХРАНЕНИЯ "ИРКУТСКАЯ ГОРОДСКАЯ КЛИНИЧЕСКАЯ БОЛЬНИЦА № 10";
https://zakupki.gov.ru/223/contract/public/contract/view/general-information.html?style44=false&id=11708280;054/21;06.07.2021 (МСК+5);Поставка кислорода газообразного медицинского;ОБЛАСТНОЕ ГОСУДАРСТВЕННОЕ АВТОНОМНОЕ УЧРЕЖДЕНИЕ ЗДРАВООХРАНЕНИЯ "БРАТСКАЯ ГОРОДСКАЯ БОЛЬНИЦА № 5";
https://zakupki.gov.ru/223/contract/public/contract/view/general-information.html?style44=false&id=11689483;49/2021-КГМ;01.07.2021 (МСК+5);поставка кислорода газообразного медицинского;ОБЛАСТНОЕ ГОСУДАРСТВЕННОЕ АВТОНОМНОЕ УЧРЕЖДЕНИЕ ЗДРАВООХРАНЕНИЯ "МЕДСАНЧАСТЬ ИАПО";
https://zakupki.gov.ru/223/contract/public/contract/view/general-information.html?style44=false&id=10384586;2020.543748;24.12.2020 (МСК+5);Поставка кислорода жидкого медицинского;ОБЛАСТНОЕ ГОСУДАРСТВЕННОЕ АВТОНОМНОЕ УЧРЕЖДЕНИЕ ЗДРАВООХРАНЕНИЯ "БРАТСКАЯ ГОРОДСКАЯ БОЛЬНИЦА № 5";
https://zakupki.gov.ru/223/contract/public/contract/view/general-information.html?style44=false&id=11425058;К-21-00815;27.05.2021 (МСК+5);Поставка кислорода технического и газа пропан;МУНИЦИПАЛЬНОЕ УНИТАРНОЕ ПРЕДПРИЯТИЕ "ВОДОКАНАЛ" Г.ИРКУТСКА;
https://zakupki.gov.ru/223/contract/public/contract/view/general-information.html?style44=false&id=11671706;042/21;01.07.2021 (МСК+5);Поставка газовой продукции-кислорода газообразного медицинского;ОБЛАСТНОЕ ГОСУДАРСТВЕННОЕ АВТОНОМНОЕ УЧРЕЖДЕНИЕ ЗДРАВООХРАНЕНИЯ "БРАТСКИЙ ПЕРИНАТАЛЬНЫЙ ЦЕНТР";
https://zakupki.gov.ru/223/contract/public/contract/view/general-information.html?style44=false&id=11645456;32110352483;30.06.2021 (МСК+5);поставка кислорода жидкого медицинского, передача в криоцилиндрах для нужд медицинского учреждения;ОБЛАСТНОЕ ГОСУДАРСТВЕННОЕ АВТОНОМНОЕ УЧРЕЖДЕНИЕ ЗДРАВООХРАНЕНИЯ "АНГАРСКАЯ ГОРОДСКАЯ БОЛЬНИЦА СКОРОЙ МЕДИЦИНСКОЙ ПОМОЩИ";
https://zakupki.gov.ru/223/contract/public/contract/view/general-information.html?style44=false&id=10187992;К-20-00001/366348;20.01.2020 (МСК+5);Поставка кислорода технического и пропана;МУНИЦИПАЛЬНОЕ УНИТАРНОЕ ПРЕДПРИЯТИЕ "ВОДОКАНАЛ" Г.ИРКУТСКА;
https://zakupki.gov.ru/223/contract/public/contract/view/general-information.html?style44=false&id=11628661;3;25.06.2021 (МСК+5);Поставка концентраторов кислорода;ОБЛАСТНОЕ ГОСУДАРСТВЕННОЕ АВТОНОМНОЕ УЧРЕЖДЕНИЕ ЗДРАВООХРАНЕНИЯ "БРАТСКАЯ ГОРОДСКАЯ БОЛЬНИЦА № 5";
https://zakupki.gov.ru/223/contract/public/contract/view/general-information.html?style44=false&id=11606811;196/21-ЕП;22.06.2021 (МСК+5);поставка кислорода жидкого медицинского;ОБЛАСТНОЕ ГОСУДАРСТВЕННОЕ АВТОНОМНОЕ УЧРЕЖДЕНИЕ ЗДРАВООХРАНЕНИЯ "МЕДСАНЧАСТЬ ИАПО";
https://zakupki.gov.ru/223/contract/public/contract/view/general-information.html?style44=false&id=11588491;ЭЗК-2021-06-02-01;22.06.2021 (МСК+5);Поставка кислорода жидкого медицинского;ОБЛАСТНОЕ ГОСУДАРСТВЕННОЕ АВТОНОМНОЕ УЧРЕЖДЕНИЕ ЗДРАВООХРАНЕНИЯ "ИРКУТСКАЯ ГОРОДСКАЯ КЛИНИЧЕСКАЯ БОЛЬНИЦА № 10";
https://zakupki.gov.ru/223/contract/public/contract/view/general-information.html?style44=false&id=11571662;399741;18.06.2021 (МСК+5);Поставка медицинского оборудования - концентратора кислорода стационарного, ввод в эксплуатацию медицинского оборудования, обучение правилам эксплуатации специалистов, эксплуатирующих медицинское оборудование;ОБЛАСТНОЕ ГОСУДАРСТВЕННОЕ БЮДЖЕТНОЕ УЧРЕЖДЕНИЕ ЗДРАВООХРАНЕНИЯ "КИРЕНСКАЯ РАЙОННАЯ БОЛЬНИЦА";
https://zakupki.gov.ru/223/contract/public/contract/view/general-information.html?style44=false&id=10512524;453-2020;11.01.2021 (МСК+5);Поставка кислорода газообразного медицинского (I-IV кварталы 2021 г.);ОБЛАСТНОЕ ГОСУДАРСТВЕННОЕ АВТОНОМНОЕ УЧРЕЖДЕНИЕ ЗДРАВООХРАНЕНИЯ "БРАТСКАЯ ГОРОДСКАЯ БОЛЬНИЦА № 3";
https://zakupki.gov.ru/223/contract/public/contract/view/general-information.html?style44=false&id=11569110;031/М-21;16.06.2021 (МСК+5);Поставка кислорода жидкого медицинского;ОБЛАСТНОЕ ГОСУДАРСТВЕННОЕ АВТОНОМНОЕ УЧРЕЖДЕНИЕ ЗДРАВООХРАНЕНИЯ "ИРКУТСКАЯ ГОРОДСКАЯ КЛИНИЧЕСКАЯ БОЛЬНИЦА № 10";
https://zakupki.gov.ru/223/contract/public/contract/view/general-information.html?style44=false&id=11545490;399945;15.06.2021 (МСК+5);На поставку кислорода жидкого медицинского;ОБЛАСТНОЕ ГОСУДАРСТВЕННОЕ АВТОНОМНОЕ УЧРЕЖДЕНИЕ ЗДРАВООХРАНЕНИЯ "ГОРОДСКАЯ ИВАНО-МАТРЕНИНСКАЯ ДЕТСКАЯ КЛИНИЧЕСКАЯ БОЛЬНИЦА";
https://zakupki.gov.ru/223/contract/public/contract/view/general-information.html?style44=false&id=10290578;62;15.12.2020 (МСК+5);поставка газа (кислород технический, сжиженный пропан);МУНИЦИПАЛЬНОЕ УНИТАРНОЕ ПРЕДПРИЯТИЕ "ШЕЛЕХОВСКИЕ ТЕПЛОВЫЕ СЕТИ";
https://zakupki.gov.ru/223/contract/public/contract/view/general-information.html?style44=false&id=11541480;399930;15.06.2021 (МСК+5);На поставку датчиков кислорода для аппаратов ИВЛ;ОБЛАСТНОЕ ГОСУДАРСТВЕННОЕ АВТОНОМНОЕ УЧРЕЖДЕНИЕ ЗДРАВООХРАНЕНИЯ "ГОРОДСКАЯ ИВАНО-МАТРЕНИНСКАЯ ДЕТСКАЯ КЛИНИЧЕСКАЯ БОЛЬНИЦА";
https://zakupki.gov.ru/223/contract/public/contract/view/general-information.html?style44=false&id=11494737;399252;07.06.2021 (МСК+5);На поставку датчиков содержания кислорода;ОБЛАСТНОЕ ГОСУДАРСТВЕННОЕ АВТОНОМНОЕ УЧРЕЖДЕНИЕ ЗДРАВООХРАНЕНИЯ "ГОРОДСКАЯ ИВАНО-МАТРЕНИНСКАЯ ДЕТСКАЯ КЛИНИЧЕСКАЯ БОЛЬНИЦА";
https://zakupki.gov.ru/223/contract/public/contract/view/general-information.html?style44=false&id=11331361;2021.67199;12.05.2021 (МСК+5);Проведение технического обслуживания кислородных установок «Провита-50» зав.№ 1179, зав.№ 1180, имеющихся у ОГАУЗ «Братская городская больница №5»;ОБЛАСТНОЕ ГОСУДАРСТВЕННОЕ АВТОНОМНОЕ УЧРЕЖДЕНИЕ ЗДРАВООХРАНЕНИЯ "БРАТСКАЯ ГОРОДСКАЯ БОЛЬНИЦА № 5";
https://zakupki.gov.ru/223/contract/public/contract/view/general-information.html?style44=false&id=11218946;2021.42113;05.04.2021 (МСК+5);Поставка дезинфицирующих хлор содержащих и кислородосодержащих средств, кожных антисептиков;ОБЛАСТНОЕ ГОСУДАРСТВЕННОЕ АВТОНОМНОЕ УЧРЕЖДЕНИЕ ЗДРАВООХРАНЕНИЯ "АНГАРСКАЯ ГОРОДСКАЯ БОЛЬНИЦА № 1";
https://zakupki.gov.ru/223/contract/public/contract/view/general-information.html?style44=false&id=11180451;31-347/03-21;14.04.2021 (МСК+5);Поставка технического газообразного кислорода;ОБЩЕСТВО С ОГРАНИЧЕННОЙ ОТВЕТСТВЕННОСТЬЮ "ГАЗПРОМ ДОБЫЧА ИРКУТСК";
https://zakupki.gov.ru/223/contract/public/contract/view/general-information.html?style44=false&id=11000735;352702;19.03.2021 (МСК+5);Поставка медицинских расходных материалов (катетер желудочный, канюля кислородная назальная с трубкой);ОБЛАСТНОЕ ГОСУДАРСТВЕННОЕ АВТОНОМНОЕ УЧРЕЖДЕНИЕ ЗДРАВООХРАНЕНИЯ "ИРКУТСКАЯ ГОРОДСКАЯ КЛИНИЧЕСКАЯ БОЛЬНИЦА № 8";
https://zakupki.gov.ru/223/contract/public/contract/view/general-information.html?style44=false&id=10161954;362-2020;27.11.2020 (МСК+5);Поставка медицинской техники – концентратор кислорода портативный (IV квартал 2020 г.);ОБЛАСТНОЕ ГОСУДАРСТВЕННОЕ АВТОНОМНОЕ УЧРЕЖДЕНИЕ ЗДРАВООХРАНЕНИЯ "БРАТСКАЯ ГОРОДСКАЯ БОЛЬНИЦА № 3";
https://zakupki.gov.ru/223/contract/public/contract/view/general-information.html?style44=false&id=10920977;2020.536450;09.12.2020 (МСК+5);Поставка кислорода медицинского жидкого;ОБЛАСТНОЕ ГОСУДАРСТВЕННОЕ АВТОНОМНОЕ УЧРЕЖДЕНИЕ ЗДРАВООХРАНЕНИЯ "АНГАРСКИЙ ПЕРИНАТАЛЬНЫЙ ЦЕНТР";
https://zakupki.gov.ru/223/contract/public/contract/view/general-information.html?style44=false&id=10731286;390578;05.02.2021 (МСК+5);На поставку кислорода жидкого медицинского;ОБЛАСТНОЕ ГОСУДАРСТВЕННОЕ АВТОНОМНОЕ УЧРЕЖДЕНИЕ ЗДРАВООХРАНЕНИЯ "ГОРОДСКАЯ ИВАНО-МАТРЕНИНСКАЯ ДЕТСКАЯ КЛИНИЧЕСКАЯ БОЛЬНИЦА";
https://zakupki.gov.ru/223/contract/public/contract/view/general-information.html?style44=false&id=10667114;220/20-ЕП;10.11.2020 (МСК+5);поставка кислорода жидкого медицинского;ОБЛАСТНОЕ ГОСУДАРСТВЕННОЕ АВТОНОМНОЕ УЧРЕЖДЕНИЕ ЗДРАВООХРАНЕНИЯ "МЕДСАНЧАСТЬ ИАПО";
https://zakupki.gov.ru/223/contract/public/contract/view/general-information.html?style44=false&id=10623657;ТНВ-3323/04-24-18;28.12.2018 (МСК+5);С-43-04/06.06.05.19 "Сварочные газы. Кислород в г.Алдан";ОБЩЕСТВО С ОГРАНИЧЕННОЙ ОТВЕТСТВЕННОСТЬЮ "ТРАНСНЕФТЬ - ВОСТОК";
https://zakupki.gov.ru/223/contract/public/contract/view/general-information.html?style44=false&id=8239341;ТНВ-3324/04-24-18;25.12.2018 (МСК+5);С-42-04/06.06.05.19 "Сварочные газы. Кислород, аргон в г.Нерюнгри";ОБЩЕСТВО С ОГРАНИЧЕННОЙ ОТВЕТСТВЕННОСТЬЮ "ТРАНСНЕФТЬ - ВОСТОК";
https://zakupki.gov.ru/223/contract/public/contract/view/general-information.html?style44=false&id=9741059;15Д-20-0736;14.09.2020 (МСК+5);Поставка кислородных баллонов;АКЦИОНЕРНОЕ ОБЩЕСТВО "МЕЖДУНАРОДНЫЙ АЭРОПОРТ ИРКУТСК";
https://zakupki.gov.ru/223/contract/public/contract/view/general-information.html?style44=false&id=10547778;006/21;01.01.2021 (МСК+5);Поставка газовой продукции - кислорода газообразного медицинского;ОБЛАСТНОЕ ГОСУДАРСТВЕННОЕ АВТОНОМНОЕ УЧРЕЖДЕНИЕ ЗДРАВООХРАНЕНИЯ "БРАТСКИЙ ПЕРИНАТАЛЬНЫЙ ЦЕНТР";
https://zakupki.gov.ru/223/contract/public/contract/view/general-information.html?style44=false&id=10530535;2020.479570;10.08.2020 (МСК+5);Поставка дезинфицирующих хлор содержащих и кислородосодержащих средств, кожных антисептиков;ОБЛАСТНОЕ ГОСУДАРСТВЕННОЕ АВТОНОМНОЕ УЧРЕЖДЕНИЕ ЗДРАВООХРАНЕНИЯ "АНГАРСКАЯ ГОРОДСКАЯ БОЛЬНИЦА № 1";
https://zakupki.gov.ru/223/contract/public/contract/view/general-information.html?style44=false&id=10339321;2583;18.12.2020 (МСК+5);Поставка поставку медицинских изделий – концентратор кислорода, ввод в эксплуатацию медицинских изделий, обучение правилам эксплуатации специалистов, эксплуатирующих медицинские изделия, и специалистов, осуществляющих техническое обслуживание медицинских изделий (IV квартал 2020 г.);ОБЛАСТНОЕ ГОСУДАРСТВЕННОЕ АВТОНОМНОЕ УЧРЕЖДЕНИЕ ЗДРАВООХРАНЕНИЯ "БРАТСКАЯ ГОРОДСКАЯ БОЛЬНИЦА № 3";
https://zakupki.gov.ru/223/contract/public/contract/view/general-information.html?style44=false&id=10415226;350-20 (1);26.12.2020 (МСК+5);Поставка кислорода медицинского жидкого;ОБЛАСТНОЕ ГОСУДАРСТВЕННОЕ АВТОНОМНОЕ УЧРЕЖДЕНИЕ ЗДРАВООХРАНЕНИЯ "ИРКУТСКАЯ ГОРОДСКАЯ КЛИНИЧЕСКАЯ БОЛЬНИЦА № 8";
https://zakupki.gov.ru/223/contract/public/contract/view/general-information.html?style44=false&id=10070533;21-20;11.11.2020 (МСК+5);Выполнение работ по прокладке централизованного снабжения медицинским газом (кислородом);ОБЛАСТНОЕ ГОСУДАРСТВЕННОЕ АВТОНОМНОЕ УЧРЕЖДЕНИЕ ЗДРАВООХРАНЕНИЯ "БРАТСКАЯ ГОРОДСКАЯ БОЛЬНИЦА № 3";
https://zakupki.gov.ru/223/contract/public/contract/view/general-information.html?style44=false&id=10384523;2020.543640;24.12.2020 (МСК+5);Поставка кислорода газообразного медицинского;ОБЛАСТНОЕ ГОСУДАРСТВЕННОЕ АВТОНОМНОЕ УЧРЕЖДЕНИЕ ЗДРАВООХРАНЕНИЯ "БРАТСКАЯ ГОРОДСКАЯ БОЛЬНИЦА № 5";
https://zakupki.gov.ru/223/contract/public/contract/view/general-information.html?style44=false&id=10078253;086/М-20;13.11.2020 (МСК+5);поставка кислорода жидкого медицинского;ОБЛАСТНОЕ ГОСУДАРСТВЕННОЕ АВТОНОМНОЕ УЧРЕЖДЕНИЕ ЗДРАВООХРАНЕНИЯ "МЕДСАНЧАСТЬ ИАПО";
https://zakupki.gov.ru/223/contract/public/contract/view/general-information.html?style44=false&id=10045756;229-2020;07.09.2020 (МСК+5);Поставка кислорода газообразного медицинского (III-IV кварталы 2020 г.);ОБЛАСТНОЕ ГОСУДАРСТВЕННОЕ АВТОНОМНОЕ УЧРЕЖДЕНИЕ ЗДРАВООХРАНЕНИЯ "БРАТСКАЯ ГОРОДСКАЯ БОЛЬНИЦА № 3";
https://zakupki.gov.ru/223/contract/public/contract/view/general-information.html?style44=false&id=8624335;20;18.02.2020 (МСК+5);поставка газа (кислород технический, сжиженный пропан);МУНИЦИПАЛЬНОЕ УНИТАРНОЕ ПРЕДПРИЯТИЕ "ШЕЛЕХОВСКИЕ ТЕПЛОВЫЕ СЕТИ";
https://zakupki.gov.ru/223/contract/public/contract/view/general-information.html?style44=false&id=10277869;536138;14.12.2020 (МСК+5);Поставка кислорода жидкого медицинского;ОБЛАСТНОЕ ГОСУДАРСТВЕННОЕ АВТОНОМНОЕ УЧРЕЖДЕНИЕ ЗДРАВООХРАНЕНИЯ "АНГАРСКАЯ ГОРОДСКАЯ ДЕТСКАЯ БОЛЬНИЦА № 1";
https://zakupki.gov.ru/223/contract/public/contract/view/general-information.html?style44=false&id=10044752;ЕП1270200138;05.11.2020 (МСК+5);Увлажнители кислорода;ОБЛАСТНОЕ ГОСУДАРСТВЕННОЕ АВТОНОМНОЕ УЧРЕЖДЕНИЕ ЗДРАВООХРАНЕНИЯ "АНГАРСКИЙ ПЕРИНАТАЛЬНЫЙ ЦЕНТР";
https://zakupki.gov.ru/223/contract/public/contract/view/general-information.html?style44=false&id=10136017;ЕП108;17.11.2020 (МСК+5);Поставка кислорода медицинского жидкого;ОБЛАСТНОЕ ГОСУДАРСТВЕННОЕ АВТОНОМНОЕ УЧРЕЖДЕНИЕ ЗДРАВООХРАНЕНИЯ "АНГАРСКИЙ ПЕРИНАТАЛЬНЫЙ ЦЕНТР";
https://zakupki.gov.ru/223/contract/public/contract/view/general-information.html?style44=false&id=10035286;104-482-НИ-2020;10.07.2020 (МСК+5);ЛОТ №5: Выполнение строительно-монтажных и пуско-наладочных работ по объекту: "Модернизация схемы подпиточной воды и баков-аккумуляторов с целью снижения содержания кислорода в подпиточной воде теплосети. КИПиА (инв. №1740700021)";ИРКУТСКОЕ ПУБЛИЧНОЕ АКЦИОНЕРНОЕ ОБЩЕСТВО ЭНЕРГЕТИКИ И ЭЛЕКТРИФИКАЦИИ;
https://zakupki.gov.ru/223/contract/public/contract/view/general-information.html?style44=false&id=6953110;345218;21.05.2019 (МСК+5);поставка генератора кислорода Oxyplus ModulO2;ОБЛАСТНОЕ ГОСУДАРСТВЕННОЕ БЮДЖЕТНОЕ УЧРЕЖДЕНИЕ ЗДРАВООХРАНЕНИЯ "ОБЛАСТНАЯ БОЛЬНИЦА №2";
https://zakupki.gov.ru/223/contract/public/contract/view/general-information.html?style44=false&id=9912894;32/2020-к;14.10.2020 (МСК+5);Поставка медицинского оборудования (кислородный концентратор);ОБЛАСТНОЕ ГОСУДАРСТВЕННОЕ АВТОНОМНОЕ УЧРЕЖДЕНИЕ ЗДРАВООХРАНЕНИЯ "АНГАРСКАЯ ГОРОДСКАЯ ДЕТСКАЯ БОЛЬНИЦА № 1";
https://zakupki.gov.ru/223/contract/public/contract/view/general-information.html?style44=false&id=9904526;135;09.10.2020 (МСК+5);поставка концентратора кислорода;ОБЛАСТНОЕ ГОСУДАРСТВЕННОЕ АВТОНОМНОЕ УЧРЕЖДЕНИЕ ЗДРАВООХРАНЕНИЯ "МЕДСАНЧАСТЬ ИАПО";
https://zakupki.gov.ru/223/contract/public/contract/view/general-information.html?style44=false&id=9861193;ЭПБ-Т10-213;02.10.2020 (МСК+5);Проведение экспертизы промышленной безопасности технических устройств: Деаэраторный бак (7ДБ-Б) рег. № 7788Подогреватель подпиточной воды (7ППВ ) рег. № 7588Ресивер воздушный №1 компрессорной станции рег. № 7870Ресивер воздушный №2 компрессорной станции № 3 рег. № 7871Блок осушки кислорода кислородно-наполнительной станции рег. № 7916;ОБЩЕСТВО С ОГРАНИЧЕННОЙ ОТВЕТСТВЕННОСТЬЮ "БАЙКАЛЬСКАЯ ЭНЕРГЕТИЧЕСКАЯ КОМПАНИЯ";
https://zakupki.gov.ru/223/contract/public/contract/view/general-information.html?style44=false&id=8705594;2020.91076;02.03.2020 (МСК+5);Поставка баллонов кислорода промышленного и газ-пропана;ОБЩЕСТВО С ОГРАНИЧЕННОЙ ОТВЕТСТВЕННОСТЬЮ СЕТЕВАЯ КОМПАНИЯ "РЕСУРСТРАНЗИТ";
https://zakupki.gov.ru/223/contract/public/contract/view/general-information.html?style44=false&id=9837788;31908246904;30.09.2019 (МСК+5);поставка кислорода жидкого медицинского в криоцилиндрах;ОБЛАСТНОЕ ГОСУДАРСТВЕННОЕ АВТОНОМНОЕ УЧРЕЖДЕНИЕ ЗДРАВООХРАНЕНИЯ "АНГАРСКАЯ ГОРОДСКАЯ БОЛЬНИЦА СКОРОЙ МЕДИЦИНСКОЙ ПОМОЩИ";
https://zakupki.gov.ru/223/contract/public/contract/view/general-information.html?style44=false&id=9734104;ТНВ-1947/02-11-20;08.09.2020 (МСК+5);2100-K01-ЕП-23-01952-2019 Технические газы г. Ленск (кислород);ОБЩЕСТВО С ОГРАНИЧЕННОЙ ОТВЕТСТВЕННОСТЬЮ "ТРАНСНЕФТЬ - ВОСТОК";
https://zakupki.gov.ru/223/contract/public/contract/view/general-information.html?style44=false&id=8895826;317-2019;18.11.2019 (МСК+5);Поставка кислорода газообразного медицинского (I-IV кварталы 2020 г.);ОБЛАСТНОЕ ГОСУДАРСТВЕННОЕ АВТОНОМНОЕ УЧРЕЖДЕНИЕ ЗДРАВООХРАНЕНИЯ "БРАТСКАЯ ГОРОДСКАЯ БОЛЬНИЦА № 3";
https://zakupki.gov.ru/223/contract/public/contract/view/general-information.html?style44=false&id=9597981;Договор поставки № 22/06/2016 (Спецификация №28);18.08.2020 (МСК+5);Поставка кислорода в баллонах для НИТЭЦ;ОБЩЕСТВО С ОГРАНИЧЕННОЙ ОТВЕТСТВЕННОСТЬЮ "ТОРГОВЫЙ ДОМ "ЕВРОСИБЭНЕРГО";
https://zakupki.gov.ru/223/contract/public/contract/view/general-information.html?style44=false&id=9514783;2019.349113;23.09.2019 (МСК+5);Поставка дезинфицирующих хлорсодержащих и кислородосодержащих средств, кожных антисептиков;ОБЛАСТНОЕ ГОСУДАРСТВЕННОЕ АВТОНОМНОЕ УЧРЕЖДЕНИЕ ЗДРАВООХРАНЕНИЯ "АНГАРСКАЯ ГОРОДСКАЯ БОЛЬНИЦА № 1";
https://zakupki.gov.ru/223/contract/public/contract/view/general-information.html?style44=false&id=9405607;104-480-НИ-2020;10.07.2020 (МСК+5);ЛОТ №3: Выполнение строительно-монтажных работ по объекту: "Модернизация схемы подпиточной воды и баков-аккумуляторов с целью снижения содержания киcлорода в подпиточной воде теплосети. Модернизация трубопроводов перелива БА-5 (инв. №1740700021)";ИРКУТСКОЕ ПУБЛИЧНОЕ АКЦИОНЕРНОЕ ОБЩЕСТВО ЭНЕРГЕТИКИ И ЭЛЕКТРИФИКАЦИИ;
https://zakupki.gov.ru/223/contract/public/contract/view/general-information.html?style44=false&id=9405553;104-479-НИ-2020;10.07.2020 (МСК+5);ЛОТ №2: Выполнение строительно-монтажных работ по объекту: "Модернизация схемы подпиточной воды и баков-аккумуляторов с целью снижения содержания киcлорода в подпиточной воде теплосети. Модернизация трубопроводов перелива БА-4 (инв. №1740700021)";ИРКУТСКОЕ ПУБЛИЧНОЕ АКЦИОНЕРНОЕ ОБЩЕСТВО ЭНЕРГЕТИКИ И ЭЛЕКТРИФИКАЦИИ;
https://zakupki.gov.ru/223/contract/public/contract/view/general-information.html?style44=false&id=9405482;104-478-НИ-2020;10.07.2020 (МСК+5);ЛОТ №1: Выполнение строительно-монтажных работ по объекту: "Модернизация схемы подпиточной воды и баков-аккумуляторов с целью снижения содержания киcлорода в подпиточной воде теплосети. Модернизация трубопроводов перелива БА-3 (инв. №1740700021)";ИРКУТСКОЕ ПУБЛИЧНОЕ АКЦИОНЕРНОЕ ОБЩЕСТВО ЭНЕРГЕТИКИ И ЭЛЕКТРИФИКАЦИИ;
https://zakupki.gov.ru/223/contract/public/contract/view/general-information.html?style44=false&id=9405429;104-478-НИ-2020;10.07.2020 (МСК+5);ЛОТ №1: Выполнение строительно-монтажных работ по объекту: "Модернизация схемы подпиточной воды и баков-аккумуляторов с целью снижения содержания киcлорода в подпиточной воде теплосети. Модернизация трубопроводов перелива БА-3 (инв. №1740700021)";ИРКУТСКОЕ ПУБЛИЧНОЕ АКЦИОНЕРНОЕ ОБЩЕСТВО ЭНЕРГЕТИКИ И ЭЛЕКТРИФИКАЦИИ;
https://zakupki.gov.ru/223/contract/public/contract/view/general-information.html?style44=false&id=8907837;30;06.04.2020 (МСК+5);поставка концентратора кислорода;ОБЛАСТНОЕ ГОСУДАРСТВЕННОЕ АВТОНОМНОЕ УЧРЕЖДЕНИЕ ЗДРАВООХРАНЕНИЯ "МЕДСАНЧАСТЬ ИАПО";
https://zakupki.gov.ru/223/contract/public/contract/view/general-information.html?style44=false&id=8827975;2020.182674;23.03.2020 (МСК+5);Поставка кислорода медицинского газообразного;ОБЛАСТНОЕ ГОСУДАРСТВЕННОЕ АВТОНОМНОЕ УЧРЕЖДЕНИЕ ЗДРАВООХРАНЕНИЯ "АНГАРСКИЙ ПЕРИНАТАЛЬНЫЙ ЦЕНТР";
https://zakupki.gov.ru/223/contract/public/contract/view/general-information.html?style44=false&id=7223276;2019.235788;05.07.2019 (МСК+5);Поставка газовой продукции - кислорода газообразного медицинского;ОБЛАСТНОЕ ГОСУДАРСТВЕННОЕ АВТОНОМНОЕ УЧРЕЖДЕНИЕ ЗДРАВООХРАНЕНИЯ "БРАТСКИЙ ПЕРИНАТАЛЬНЫЙ ЦЕНТР";
https://zakupki.gov.ru/223/contract/public/contract/view/general-information.html?style44=false&id=7125436;52;20.06.2019 (МСК+5);поставка газа (кислород технический);МУНИЦИПАЛЬНОЕ УНИТАРНОЕ ПРЕДПРИЯТИЕ "ШЕЛЕХОВСКИЕ ТЕПЛОВЫЕ СЕТИ";
https://zakupki.gov.ru/223/contract/public/contract/view/general-information.html?style44=false&id=2799963;ТНВ-184/02-11-17;25.01.2017 (МСК+5);С-28-02/06.06.17 "Технический кислород г.Ленск 1 полугодие";ОБЩЕСТВО С ОГРАНИЧЕННОЙ ОТВЕТСТВЕННОСТЬЮ "ТРАНСНЕФТЬ - ВОСТОК";
https://zakupki.gov.ru/223/contract/public/contract/view/general-information.html?style44=false&id=8210255;1080180138;29.12.2018 (МСК+5);Поставка кислорода медицинского газообразного;ОБЛАСТНОЕ ГОСУДАРСТВЕННОЕ АВТОНОМНОЕ УЧРЕЖДЕНИЕ ЗДРАВООХРАНЕНИЯ "АНГАРСКИЙ ПЕРИНАТАЛЬНЫЙ ЦЕНТР";
https://zakupki.gov.ru/223/contract/public/contract/view/general-information.html?style44=false&id=6111897;66;27.12.2018 (МСК+5);поставка газа (кислород технический, сжиженный пропан);МУНИЦИПАЛЬНОЕ УНИТАРНОЕ ПРЕДПРИЯТИЕ "ШЕЛЕХОВСКИЕ ТЕПЛОВЫЕ СЕТИ";
https://zakupki.gov.ru/223/contract/public/contract/view/general-information.html?style44=false&id=8079107;ТНВ-2697/05-19-19;02.12.2019 (МСК+5);Поставка МТР по лоту 2100-K01-К-03-01170-2019 "Поставка сварочных газов (кислород и пропан в п.Богучаны)";ОБЩЕСТВО С ОГРАНИЧЕННОЙ ОТВЕТСТВЕННОСТЬЮ "ТРАНСНЕФТЬ - ВОСТОК";
https://zakupki.gov.ru/223/contract/public/contract/view/general-information.html?style44=false&id=7420539;Договор №НФ/П/151/19 АО «ТРЭИ»;08.08.2019 (МСК+5);Поставка Устройства программного управления контроля кислорода в ГВС комплект №18 АТЭЦ для нужд Нижегородского филиала ООО "ТД "ЕвроСибЭнерго" в сентябре 2019г.;ОБЩЕСТВО С ОГРАНИЧЕННОЙ ОТВЕТСТВЕННОСТЬЮ "ТОРГОВЫЙ ДОМ "ЕВРОСИБЭНЕРГО";
https://zakupki.gov.ru/223/contract/public/contract/view/general-information.html?style44=false&id=7241892;004-19;05.07.2019 (МСК+5);Оказание услуг по перевозке опасных грузов (транспортировка кислорода в баллонах под давлением), в целях исполнения обязательств по заключенным Заказчиком договоров с Государственными медицинскими учреждениями Иркутской области и Республики Бурятия.;ОБЩЕСТВО С ОГРАНИЧЕННОЙ ОТВЕТСТВЕННОСТЬЮ "ЭНЕРГОЦЕНТР "ИРКУТ";
https://zakupki.gov.ru/223/contract/public/contract/view/general-information.html?style44=false&id=6479126;ТНВ-1960/02-11-17;17.07.2017 (МСК+5);С-29-02/06.06.17 «Технический кислород г. Ленск 2 полугодие»;ОБЩЕСТВО С ОГРАНИЧЕННОЙ ОТВЕТСТВЕННОСТЬЮ "ТРАНСНЕФТЬ - ВОСТОК";
https://zakupki.gov.ru/223/contract/public/contract/view/general-information.html?style44=false&id=6412237;11/19;12.02.2019 (МСК+5);Поставка кислорода для филиала «Усть-Илимский» АО «ДСИО».;АКЦИОНЕРНОЕ ОБЩЕСТВО "ДОРОЖНАЯ СЛУЖБА ИРКУТСКОЙ ОБЛАСТИ";
https://zakupki.gov.ru/223/contract/public/contract/view/general-information.html?style44=false&id=6396071;31806452857;29.05.2018 (МСК+5);поставка кислорода жидкого медицинского в криоцилиндрах;ОБЛАСТНОЕ ГОСУДАРСТВЕННОЕ АВТОНОМНОЕ УЧРЕЖДЕНИЕ ЗДРАВООХРАНЕНИЯ "АНГАРСКАЯ ГОРОДСКАЯ БОЛЬНИЦА СКОРОЙ МЕДИЦИНСКОЙ ПОМОЩИ";
https://zakupki.gov.ru/223/contract/public/contract/view/general-information.html?style44=false&id=4334967;ТНВ-137/04-24-18;15.01.2018 (МСК+5);С-04-04-2/06.06.05.18 Кислород в г. Тында;ОБЩЕСТВО С ОГРАНИЧЕННОЙ ОТВЕТСТВЕННОСТЬЮ "ТРАНСНЕФТЬ - ВОСТОК";
https://zakupki.gov.ru/223/contract/public/contract/view/general-information.html?style44=false&id=4336045;ТНВ-140/04-24-18;15.01.2018 (МСК+5);С-04-04-3/06.06.05.18 Кислород в г. Сковородино;ОБЩЕСТВО С ОГРАНИЧЕННОЙ ОТВЕТСТВЕННОСТЬЮ "ТРАНСНЕФТЬ - ВОСТОК";
https://zakupki.gov.ru/223/contract/public/contract/view/general-information.html?style44=false&id=4331767;ТНВ-116/04-24-18;15.01.2018 (МСК+5);С-04-04/06.06.05.18 Кислород в г. Нерюнгри;ОБЩЕСТВО С ОГРАНИЧЕННОЙ ОТВЕТСТВЕННОСТЬЮ "ТРАНСНЕФТЬ - ВОСТОК";
https://zakupki.gov.ru/223/contract/public/contract/view/general-information.html?style44=false&id=6216903;414/18-ЭР;10.01.2019 (МСК+5);поставка кислорода жидкого медицинского;ОБЛАСТНОЕ ГОСУДАРСТВЕННОЕ АВТОНОМНОЕ УЧРЕЖДЕНИЕ ЗДРАВООХРАНЕНИЯ "МЕДСАНЧАСТЬ ИАПО";
https://zakupki.gov.ru/223/contract/public/contract/view/general-information.html?style44=false&id=6194336;ТНВ-3406/04-24-18;09.01.2019 (МСК+5);С-47-04/06.06.05.19 "Сварочные газы. Кислород в г.Алдан";ОБЩЕСТВО С ОГРАНИЧЕННОЙ ОТВЕТСТВЕННОСТЬЮ "ТРАНСНЕФТЬ - ВОСТОК";
https://zakupki.gov.ru/223/contract/public/contract/view/general-information.html?style44=false&id=6170984;Договор № ФУ 20400/07 на поставку сжатого воздуха, кислорода;01.01.2019 (МСК+5);Поставка сжатого воздуха, кислорода;ИРКУТСКОЕ ПУБЛИЧНОЕ АКЦИОНЕРНОЕ ОБЩЕСТВО ЭНЕРГЕТИКИ И ЭЛЕКТРИФИКАЦИИ;
https://zakupki.gov.ru/223/contract/public/contract/view/general-information.html?style44=false&id=5236418;ТНВ-2101/02-11-18;25.07.2018 (МСК+5);С-84-02/06.06.18 Кислород г. Ленск;ОБЩЕСТВО С ОГРАНИЧЕННОЙ ОТВЕТСТВЕННОСТЬЮ "ТРАНСНЕФТЬ - ВОСТОК";
https://zakupki.gov.ru/223/contract/public/contract/view/general-information.html?style44=false&id=5878027;93/2018;23.11.2018 (МСК+5);Выполнение услуги по внесению изменений в документы на кислород жидкий и в документы регистрационного удостоверения кислород газообразный;ОБЩЕСТВО С ОГРАНИЧЕННОЙ ОТВЕТСТВЕННОСТЬЮ "ЭНЕРГОЦЕНТР "ИРКУТ";
https://zakupki.gov.ru/223/contract/public/contract/view/general-information.html?style44=false&id=5789473;15-ИЦ/18;15.01.2018 (МСК+5);Услуги по организации и контролю над проведением пароводокислородной очистки и пассивации тепломеханического оборудования ПАО «Иркутскэнерго»;ИРКУТСКОЕ ПУБЛИЧНОЕ АКЦИОНЕРНОЕ ОБЩЕСТВО ЭНЕРГЕТИКИ И ЭЛЕКТРИФИКАЦИИ;
https://zakupki.gov.ru/223/contract/public/contract/view/general-information.html?style44=false&id=1778111;Кислородный концентратор LF-H-10A+ Стабилизатор переменного напряжения "SUNTEK" 2000 ВА;16.06.2016 (МСК+5);кислородное оборудование;ОБЛАСТНОЕ ГОСУДАРСТВЕННОЕ БЮДЖЕТНОЕ УЧРЕЖДЕНИЕ ЗДРАВООХРАНЕНИЯ "АНГАРСКАЯ ГОРОДСКАЯ ДЕТСКАЯ СТОМАТОЛОГИЧЕСКАЯ ПОЛИКЛИНИКА";
https://zakupki.gov.ru/223/contract/public/contract/view/general-information.html?style44=false&id=5372022;2018.113231;28.08.2018 (МСК+5);Р-62/2018 Поставка кислорода жидкого медицинского для производства газообразного;ОБЛАСТНОЕ ГОСУДАРСТВЕННОЕ БЮДЖЕТНОЕ УЧРЕЖДЕНИЕ ЗДРАВООХРАНЕНИЯ "ИРКУТСКАЯ ГОРОДСКАЯ КЛИНИЧЕСКАЯ БОЛЬНИЦА № 1";
https://zakupki.gov.ru/223/contract/public/contract/view/general-information.html?style44=false&id=5212754;592;20.07.2018 (МСК+5);Поставка кислорода для нужд СП№7 АО "Иркутскгеофизика";АКЦИОНЕРНОЕ ОБЩЕСТВО "ИРКУТСКГЕОФИЗИКА";
https://zakupki.gov.ru/223/contract/public/contract/view/general-information.html?style44=false&id=2721029;№ 08-2/156 (спецификация №3);16.01.2017 (МСК+5);Арматура запорная на кислород для ПАО "Иркутскэнерго" на 2016-2017гг.;ОБЩЕСТВО С ОГРАНИЧЕННОЙ ОТВЕТСТВЕННОСТЬЮ "ТОРГОВЫЙ ДОМ "ЕВРОСИБЭНЕРГО";
https://zakupki.gov.ru/223/contract/public/contract/view/general-information.html?style44=false&id=4482961;ТНВ-570/04-24-17;22.02.2017 (МСК+5);Поставка МТР: Кислород, азот в г. Алдан;ОБЩЕСТВО С ОГРАНИЧЕННОЙ ОТВЕТСТВЕННОСТЬЮ "ТРАНСНЕФТЬ - ВОСТОК";
https://zakupki.gov.ru/223/contract/public/contract/view/general-information.html?style44=false&id=4453156;ТНВ-307/04-24-17;03.02.2017 (МСК+5);С-04/1-04/06.06.05.17КИСЛОРОД. АЗОТ В Г. НЕРЮНГРИ;ОБЩЕСТВО С ОГРАНИЧЕННОЙ ОТВЕТСТВЕННОСТЬЮ "ТРАНСНЕФТЬ - ВОСТОК";
https://zakupki.gov.ru/223/contract/public/contract/view/general-information.html?style44=false&id=4449663;ТНВ-50/04-24-17;05.02.2018 (МСК+5);Поставка МТР: Кислород газообразный технический;ОБЩЕСТВО С ОГРАНИЧЕННОЙ ОТВЕТСТВЕННОСТЬЮ "ТРАНСНЕФТЬ - ВОСТОК";
https://zakupki.gov.ru/223/contract/public/contract/view/general-information.html?style44=false&id=4449483;ТНВ-996/04-24-17;05.02.2018 (МСК+5);С-52-04/06.06.05.17 Кислород в г.Тында;ОБЩЕСТВО С ОГРАНИЧЕННОЙ ОТВЕТСТВЕННОСТЬЮ "ТРАНСНЕФТЬ - ВОСТОК";
https://zakupki.gov.ru/223/contract/public/contract/view/general-information.html?style44=false&id=4324304;ТНВ-98/04-24-18;12.01.2018 (МСК+5);С-04-04-1/06.06.05.18 Кислород в г. Алдан;ОБЩЕСТВО С ОГРАНИЧЕННОЙ ОТВЕТСТВЕННОСТЬЮ "ТРАНСНЕФТЬ - ВОСТОК";
https://zakupki.gov.ru/223/contract/public/contract/view/general-information.html?style44=false&id=2596545;314;28.12.2016 (МСК+5);поставка газовой продукции – кислорода газообразного медицинского;ОБЛАСТНОЕ ГОСУДАРСТВЕННОЕ АВТОНОМНОЕ УЧРЕЖДЕНИЕ ЗДРАВООХРАНЕНИЯ "БРАТСКАЯ ГОРОДСКАЯ БОЛЬНИЦА № 5";
https://zakupki.gov.ru/223/contract/public/contract/view/general-information.html?style44=false&id=4174410;ПЗ-693-17;21.12.2017 (МСК+5);Оказание услуг по заправке баллонов пропаном, азотом и кислородом для нужд СП№5, СП№8 АО "Иркутскгеофизика";АКЦИОНЕРНОЕ ОБЩЕСТВО "ИРКУТСКГЕОФИЗИКА";
https://zakupki.gov.ru/223/contract/public/contract/view/general-information.html?style44=false&id=2660694;352;09.01.2017 (МСК+5);Обеспечение кислородом медицинским ОГАУЗ Братская ГБ № 3 в 2017 году;ОБЛАСТНОЕ ГОСУДАРСТВЕННОЕ АВТОНОМНОЕ УЧРЕЖДЕНИЕ ЗДРАВООХРАНЕНИЯ "БРАТСКАЯ ГОРОДСКАЯ БОЛЬНИЦА № 3";
https://zakupki.gov.ru/223/contract/public/contract/view/general-information.html?style44=false&id=3817063;В-3/281 р;05.10.2017 (МСК+5);поставка датчиков кислорода к аппарату Newport E-360;ОБЛАСТНОЕ ГОСУДАРСТВЕННОЕ АВТОНОМНОЕ УЧРЕЖДЕНИЕ ЗДРАВООХРАНЕНИЯ "БРАТСКАЯ ГОРОДСКАЯ БОЛЬНИЦА № 5";
https://zakupki.gov.ru/223/contract/public/contract/view/general-information.html?style44=false&id=3589019;2017.23019;08.08.2017 (МСК+5);Поставка кислорода жидкого медицинского для производства газообразного №Р-20/2017;ОБЛАСТНОЕ ГОСУДАРСТВЕННОЕ БЮДЖЕТНОЕ УЧРЕЖДЕНИЕ ЗДРАВООХРАНЕНИЯ "ИРКУТСКАЯ ГОРОДСКАЯ КЛИНИЧЕСКАЯ БОЛЬНИЦА № 1";
https://zakupki.gov.ru/223/contract/public/contract/view/general-information.html?style44=false&id=2721262;№ 08-2/156 (спецификация №4);16.01.2017 (МСК+5);Арматура запорная на кислород для ПАО "Иркутскэнерго" на 2016-2017гг.;ОБЩЕСТВО С ОГРАНИЧЕННОЙ ОТВЕТСТВЕННОСТЬЮ "ТОРГОВЫЙ ДОМ "ЕВРОСИБЭНЕРГО";
https://zakupki.gov.ru/223/contract/public/contract/view/general-information.html?style44=false&id=3226505;№ 08-2/156 (Спецификация №5);11.05.2017 (МСК+5);Арматура запорная на кислород для ПАО "Иркутскэнерго" на 2016-2017гг.;ОБЩЕСТВО С ОГРАНИЧЕННОЙ ОТВЕТСТВЕННОСТЬЮ "ТОРГОВЫЙ ДОМ "ЕВРОСИБЭНЕРГО";
https://zakupki.gov.ru/223/contract/public/contract/view/general-information.html?style44=false&id=3509666;06-07/17;18.07.2017 (МСК+5);Выполнение строительно-монтажных работ по объекту: "Пароводокислородная очистка, консервация, пассивация поверхностей основного оборудования";ИРКУТСКОЕ ПУБЛИЧНОЕ АКЦИОНЕРНОЕ ОБЩЕСТВО ЭНЕРГЕТИКИ И ЭЛЕКТРИФИКАЦИИ;
https://zakupki.gov.ru/223/contract/public/contract/view/general-information.html?style44=false&id=2286323;№ 08-2/155 (Спецификация №2);26.10.2016 (МСК+5);Арматура запорная на кислород для ПАО "Иркутскэнерго" на 2016-2017гг.;ОБЩЕСТВО С ОГРАНИЧЕННОЙ ОТВЕТСТВЕННОСТЬЮ "ТОРГОВЫЙ ДОМ "ЕВРОСИБЭНЕРГО";
https://zakupki.gov.ru/223/contract/public/contract/view/general-information.html?style44=false&id=2269683;№ 08-2/155 (спецификация №1);21.10.2016 (МСК+5);Арматура запорная на кислород для ПАО "Иркутскэнерго" на 2016-2017гг.;ОБЩЕСТВО С ОГРАНИЧЕННОЙ ОТВЕТСТВЕННОСТЬЮ "ТОРГОВЫЙ ДОМ "ЕВРОСИБЭНЕРГО";
https://zakupki.gov.ru/223/contract/public/contract/view/general-information.html?style44=false&id=3325548;109849;05.06.2017 (МСК+5);Поставка датчика кислорода для аппарата ИВЛ;ОБЛАСТНОЕ ГОСУДАРСТВЕННОЕ АВТОНОМНОЕ УЧРЕЖДЕНИЕ ЗДРАВООХРАНЕНИЯ "БРАТСКАЯ ГОРОДСКАЯ БОЛЬНИЦА № 5";
https://zakupki.gov.ru/223/contract/public/contract/view/general-information.html?style44=false&id=3320048;312-06/70-17;02.06.2017 (МСК+5);«Монтаж установки пароводокислородной очистки и консервации внутренних поверхностей нагрева котлов на КСПУ (Техническое перевооружение котлоагрегата КСПУ (инв.№00005005))»;АКЦИОНЕРНОЕ ОБЩЕСТВО "БАЙКАЛЭНЕРГО";
https://zakupki.gov.ru/223/contract/public/contract/view/general-information.html?style44=false&id=3282822;02/05-2017;24.05.2017 (МСК+5);Станционные газопроводы пропан-бутана и кислорода. Восстановление АКЗ.;ИРКУТСКОЕ ПУБЛИЧНОЕ АКЦИОНЕРНОЕ ОБЩЕСТВО ЭНЕРГЕТИКИ И ЭЛЕКТРИФИКАЦИИ;
https://zakupki.gov.ru/223/contract/public/contract/view/general-information.html?style44=false&id=2830840;ЗК-87/2016;02.02.2017 (МСК+5);поставка кислорода жидкого медицинского для производства газообразного;ОБЛАСТНОЕ ГОСУДАРСТВЕННОЕ БЮДЖЕТНОЕ УЧРЕЖДЕНИЕ ЗДРАВООХРАНЕНИЯ "ИРКУТСКАЯ ГОРОДСКАЯ КЛИНИЧЕСКАЯ БОЛЬНИЦА № 1";
https://zakupki.gov.ru/223/contract/public/contract/view/general-information.html?style44=false&id=2680861;003М-17;30.12.2016 (МСК+5);Поставка кислорода медицинского.;ОБЛАСТНОЕ ГОСУДАРСТВЕННОЕ АВТОНОМНОЕ УЧРЕЖДЕНИЕ ЗДРАВООХРАНЕНИЯ "ИРКУТСКАЯ ГОРОДСКАЯ КЛИНИЧЕСКАЯ БОЛЬНИЦА № 8";
https://zakupki.gov.ru/223/contract/public/contract/view/general-information.html?style44=false&id=1134393;226;01.01.2016 (МСК+5);поставка газовой продукции – кислорода газообразного медицинского;ОБЛАСТНОЕ ГОСУДАРСТВЕННОЕ АВТОНОМНОЕ УЧРЕЖДЕНИЕ ЗДРАВООХРАНЕНИЯ "БРАТСКАЯ ГОРОДСКАЯ БОЛЬНИЦА № 5";
https://zakupki.gov.ru/223/contract/public/contract/view/general-information.html?style44=false&id=2405162;204/16;22.11.2016 (МСК+5);Поставка изделий медицинского назначения (концентратор кислорода);ОБЛАСТНОЕ ГОСУДАРСТВЕННОЕ АВТОНОМНОЕ УЧРЕЖДЕНИЕ ЗДРАВООХРАНЕНИЯ "МЕДСАНЧАСТЬ ИАПО";
https://zakupki.gov.ru/223/contract/public/contract/view/general-information.html?style44=false&id=2380262;173;18.11.2016 (МСК+5);Разработка и внедрение технологии пароводокислородной очистки, пассивации и консервации турбины К-150-130 ТЭЦ-10 филиала ПАО Иркутскэнерго;ИРКУТСКОЕ ПУБЛИЧНОЕ АКЦИОНЕРНОЕ ОБЩЕСТВО ЭНЕРГЕТИКИ И ЭЛЕКТРИФИКАЦИИ;
https://zakupki.gov.ru/223/contract/public/contract/view/general-information.html?style44=false&id=2148414;104-121-НИ-2016;20.09.2016 (МСК+5);На выполнение строительно-монтажных работ по объекту: Внедрение схемы пароводокислородной консервации котлов Н-И ТЭЦ;ИРКУТСКОЕ ПУБЛИЧНОЕ АКЦИОНЕРНОЕ ОБЩЕСТВО ЭНЕРГЕТИКИ И ЭЛЕКТРИФИКАЦИИ;
https://zakupki.gov.ru/223/contract/public/contract/view/general-information.html?style44=false&id=2126080;2016-54;12.09.2016 (МСК+5);поставка кислорода;МУНИЦИПАЛЬНОЕ УНИТАРНОЕ ПРЕДПРИЯТИЕ "ТЕПЛОВОДОКАНАЛ";
https://zakupki.gov.ru/223/contract/public/contract/view/general-information.html?style44=false&id=2051896;30/ОКС-15;20.10.2015 (МСК+5);Вспомогательное оборудование кот. отд. в/т.ч. охрана природы 262850 руб./ инв. № 045201. Разработка и внедрение схемы пароводокислородной очистки, пассивации и консервации поверхностей нагрева котлоагрегатов;ИРКУТСКОЕ ПУБЛИЧНОЕ АКЦИОНЕРНОЕ ОБЩЕСТВО ЭНЕРГЕТИКИ И ЭЛЕКТРИФИКАЦИИ;
https://zakupki.gov.ru/223/contract/public/contract/view/general-information.html?style44=false&id=1877333;9110С408/3-ИЦ/16;18.04.2016 (МСК+5);Поставка преобразователя (в комплекте) для измерения значений растворенного кислорода (Liquiline M CM42) производства Endress+Hauser;ОБЩЕСТВО С ОГРАНИЧЕННОЙ ОТВЕТСТВЕННОСТЬЮ "ИНЖЕНЕРНЫЙ ЦЕНТР "ИРКУТСКЭНЕРГО";
https://zakupki.gov.ru/223/contract/public/contract/view/general-information.html?style44=false&id=1611834;9110С408/3-ИЦ/16;18.04.2016 (МСК+5);Поставка преобразователя (в комплекте) для измерения значений растворенного кислорода (Liquiline M CM42) производства Endress+Hauser;ОБЩЕСТВО С ОГРАНИЧЕННОЙ ОТВЕТСТВЕННОСТЬЮ "ИНЖЕНЕРНЫЙ ЦЕНТР "ИРКУТСКЭНЕРГО";
https://zakupki.gov.ru/223/contract/public/contract/view/general-information.html?style44=false&id=128532;ДОГОВОР № ЗКЦ-2015-02-11-01;13.03.2015 (МСК+5);Поставка кислорода газообразного медицинского;ОБЛАСТНОЕ ГОСУДАРСТВЕННОЕ АВТОНОМНОЕ УЧРЕЖДЕНИЕ ЗДРАВООХРАНЕНИЯ "ИРКУТСКАЯ ГОРОДСКАЯ КЛИНИЧЕСКАЯ БОЛЬНИЦА № 10";
https://zakupki.gov.ru/223/contract/public/contract/view/general-information.html?style44=false&id=1424418;2/15;30.03.2015 (МСК+5);Кислород жидкий медицинский;ГОСУДАРСТВЕННОЕ БЮДЖЕТНОЕ УЧРЕЖДЕНИЕ ЗДРАВООХРАНЕНИЯ "ОБЛАСТНОЙ ОНКОЛОГИЧЕСКИЙ ДИСПАНСЕР";
https://zakupki.gov.ru/223/contract/public/contract/view/general-information.html?style44=false&id=310624;Договор № ВСМН-152/04-24-15;18.05.2015 (МСК+5);Поставка газа (Сварочные газы. Кислород);ОБЩЕСТВО С ОГРАНИЧЕННОЙ ОТВЕТСТВЕННОСТЬЮ "ТРАНСНЕФТЬ - ВОСТОК";
https://zakupki.gov.ru/223/contract/public/contract/view/general-information.html?style44=false&id=1201311;19;02.12.2015 (МСК+5);Аппарат кислородного оборудования (концентратор кислорода Armed (Армед) 7F-3L);ОБЛАСТНОЕ ГОСУДАРСТВЕННОЕ БЮДЖЕТНОЕ УЧРЕЖДЕНИЕ ДОПОЛНИТЕЛЬНОГО ПРОФЕССИОНАЛЬНОГО ОБРАЗОВАНИЯ "УЧЕБНО-МЕТОДИЧЕСКИЙ ЦЕНТР РАЗВИТИЯ СОЦИАЛЬНОГО ОБСЛУЖИВАНИЯ";
https://zakupki.gov.ru/223/contract/public/contract/view/general-information.html?style44=false&id=848071;ТНВ-2626/02-11-15;03.11.2015 (МСК+5);№ С-65-02/06.06.15 "Технический кислород г.Ленск 2 полугодие";ОБЩЕСТВО С ОГРАНИЧЕННОЙ ОТВЕТСТВЕННОСТЬЮ "ТРАНСНЕФТЬ - ВОСТОК";
https://zakupki.gov.ru/223/contract/public/contract/view/general-information.html?style44=false&id=1154457;60300/15;19.01.2016 (МСК+5);Поставка сжатого воздуха, кислорода;ИРКУТСКОЕ ПУБЛИЧНОЕ АКЦИОНЕРНОЕ ОБЩЕСТВО ЭНЕРГЕТИКИ И ЭЛЕКТРИФИКАЦИИ;
https://zakupki.gov.ru/223/contract/public/contract/view/general-information.html?style44=false&id=94350;ВСМН-103/04-24-15;20.01.2015 (МСК+5);Поставка газа (Сварочные газы. Кислород);ОБЩЕСТВО С ОГРАНИЧЕННОЙ ОТВЕТСТВЕННОСТЬЮ "ТРАНСНЕФТЬ - ВОСТОК";
https://zakupki.gov.ru/223/contract/public/contract/view/general-information.html?style44=false&id=1103830;324/15-ЗК;31.12.2015 (МСК+5);на поставку кислорода газообразного медицинского;ОБЛАСТНОЕ ГОСУДАРСТВЕННОЕ АВТОНОМНОЕ УЧРЕЖДЕНИЕ ЗДРАВООХРАНЕНИЯ "МЕДСАНЧАСТЬ ИАПО";
https://zakupki.gov.ru/223/contract/public/contract/view/general-information.html?style44=false&id=1103727;288/15-ЗК;30.12.2015 (МСК+5);на поставку кислорода жидкого медицинского;ОБЛАСТНОЕ ГОСУДАРСТВЕННОЕ АВТОНОМНОЕ УЧРЕЖДЕНИЕ ЗДРАВООХРАНЕНИЯ "МЕДСАНЧАСТЬ ИАПО";
https://zakupki.gov.ru/223/contract/public/contract/view/general-information.html?style44=false&id=348178;054 - 15;29.05.2015 (МСК+5);Поставка измерительного модуля анестезиологических газов и кислорода «Multi-Gas+02» для мониторов серии «Mindray»;ОБЛАСТНОЕ ГОСУДАРСТВЕННОЕ АВТОНОМНОЕ УЧРЕЖДЕНИЕ ЗДРАВООХРАНЕНИЯ "ИРКУТСКАЯ ГОРОДСКАЯ КЛИНИЧЕСКАЯ БОЛЬНИЦА № 8";
https://zakupki.gov.ru/223/contract/public/contract/view/general-information.html?style44=false&id=946006;496;02.12.2015 (МСК+5);Поставка кислорода жидкого медицинского;ОБЛАСТНОЕ ГОСУДАРСТВЕННОЕ АВТОНОМНОЕ УЧРЕЖДЕНИЕ ЗДРАВООХРАНЕНИЯ "ГОРОДСКАЯ ИВАНО-МАТРЕНИНСКАЯ ДЕТСКАЯ КЛИНИЧЕСКАЯ БОЛЬНИЦА";
https://zakupki.gov.ru/223/contract/public/contract/view/general-information.html?style44=false&id=853321;б/н (вх. № 532 от 26.10.15);01.09.2015 (МСК+5);Договор на поставку товара газовой продукции - кислорода газообразного медицинского;ОБЛАСТНОЕ ГОСУДАРСТВЕННОЕ АВТОНОМНОЕ УЧРЕЖДЕНИЕ ЗДРАВООХРАНЕНИЯ "БРАТСКИЙ ПЕРИНАТАЛЬНЫЙ ЦЕНТР";
